{
    "loss": [
        0.8181580305099487,
        0.6656230688095093,
        0.6205119490623474,
        0.5795539021492004,
        0.539351224899292,
        0.509678840637207,
        0.4781203866004944,
        0.45326918363571167,
        0.43637365102767944,
        0.6370174884796143,
        0.5803613662719727,
        0.5676004886627197,
        0.5570881962776184,
        0.5466192960739136,
        0.5393449664115906,
        0.5331012010574341,
        0.5269697904586792,
        0.5250398516654968,
        0.518512487411499,
        0.5154797434806824
    ],
    "val_loss": [
        0.5756235718727112,
        0.5109666585922241,
        0.5069164037704468,
        0.5171841382980347,
        0.5116879343986511,
        0.5123145580291748,
        0.5212343335151672,
        0.5356816649436951,
        0.5369828939437866,
        0.6829892992973328,
        0.5878589749336243,
        0.5783247351646423,
        0.5827413201332092,
        0.573523998260498,
        0.5779398679733276,
        0.5849272608757019,
        0.5863378047943115,
        0.5868867635726929,
        0.5856098532676697,
        0.584078311920166
    ],
    "acc": [
        0.7997415065765381,
        0.8640002012252808,
        0.8802122473716736,
        0.8935446739196777,
        0.9034079313278198,
        0.9081921577453613,
        0.9139741063117981,
        0.9196653366088867,
        0.9217286705970764,
        0.8549244403839111,
        0.8965830206871033,
        0.9005283117294312,
        0.9025236368179321,
        0.9073532223701477,
        0.9071038365364075,
        0.9106636643409729,
        0.9092578887939453,
        0.9105276465415955,
        0.9134526252746582,
        0.9133845567703247
    ],
    "val_acc": [
        0.7767335772514343,
        0.8067777156829834,
        0.8118325471878052,
        0.8206607103347778,
        0.8208030462265015,
        0.8275665640830994,
        0.823366105556488,
        0.8145379424095154,
        0.8178129196166992,
        0.7372917532920837,
        0.7931795716285706,
        0.7958849668502808,
        0.7938914895057678,
        0.7975224256515503,
        0.7951018214225769,
        0.7926812171936035,
        0.7897621989250183,
        0.7904029488563538,
        0.7924675941467285,
        0.7946746349334717
    ],
    "auc": [
        0.796993613243103,
        0.8157535791397095,
        0.8256731033325195,
        0.8363788723945618,
        0.8489460945129395,
        0.861035168170929,
        0.8741894960403442,
        0.8831397891044617,
        0.8904114961624146,
        0.8475684523582458,
        0.8321676254272461,
        0.8352704048156738,
        0.8390949368476868,
        0.8414604067802429,
        0.8441451191902161,
        0.8468223214149475,
        0.8484255075454712,
        0.8491338491439819,
        0.8502393960952759,
        0.8519922494888306
    ],
    "val_auc": [
        0.9847243428230286,
        0.9875940680503845,
        0.988098680973053,
        0.9861069321632385,
        0.9865718483924866,
        0.9851266145706177,
        0.986441969871521,
        0.9857511520385742,
        0.9843446016311646,
        0.9630653262138367,
        0.975641667842865,
        0.9791818261146545,
        0.9795641303062439,
        0.981063723564148,
        0.9811099767684937,
        0.9802742004394531,
        0.9805347323417664,
        0.9805054068565369,
        0.9806386828422546,
        0.9804869890213013
    ],
    "top3": [
        0.9382355213165283,
        0.9708863496780396,
        0.9768723249435425,
        0.9816339015960693,
        0.9867355823516846,
        0.9883908033370972,
        0.9922227263450623,
        0.9942180514335632,
        0.9951930642127991,
        0.9710227251052856,
        0.9812030792236328,
        0.9834704995155334,
        0.9853070974349976,
        0.9856699109077454,
        0.986508846282959,
        0.9875518679618835,
        0.9885948896408081,
        0.9878239631652832,
        0.9888216257095337,
        0.9886628985404968
    ],
    "val_top3": [
        0.9647586345672607,
        0.9770041108131409,
        0.9757938385009766,
        0.9689591526985168,
        0.9742275476455688,
        0.9630500078201294,
        0.9645450711250305,
        0.9726612567901611,
        0.971450924873352,
        0.950377345085144,
        0.959703803062439,
        0.9625515937805176,
        0.959917426109314,
        0.9621244668960571,
        0.9649722576141357,
        0.9664673209190369,
        0.9675352573394775,
        0.9673928618431091,
        0.9663249254226685,
        0.967464029788971
    ]
}