{
    "loss": [
        0.649978756904602,
        0.5159048438072205,
        0.4718175232410431,
        0.4420677125453949,
        0.41206225752830505,
        0.3949512243270874,
        0.37752485275268555,
        0.36588722467422485,
        0.358784019947052,
        0.3562646806240082,
        0.3549759089946747,
        0.35615864396095276,
        0.35509273409843445,
        0.35507112741470337,
        0.3545590937137604,
        0.3544352948665619,
        0.3541344106197357,
        0.35377100110054016,
        0.35402193665504456,
        0.35357001423835754,
        0.3538041412830353,
        0.35380589962005615,
        0.35323628783226013,
        0.3530607223510742,
        0.3532087504863739,
        0.35258248448371887,
        0.35290277004241943,
        0.3515232503414154,
        0.3518463373184204,
        0.35271018743515015
    ],
    "val_loss": [
        0.8695206642150879,
        0.8883343935012817,
        1.283695101737976,
        0.6328892111778259,
        0.575427234172821,
        0.5151847004890442,
        0.472444623708725,
        0.4541788697242737,
        0.4383646845817566,
        0.430851548910141,
        0.42771080136299133,
        0.4269244372844696,
        0.42620909214019775,
        0.42557087540626526,
        0.4245365858078003,
        0.4248376786708832,
        0.42403846979141235,
        0.42456871271133423,
        0.4241377115249634,
        0.42243435978889465,
        0.4213840663433075,
        0.42044517397880554,
        0.4193353056907654,
        0.42092064023017883,
        0.4201080799102783,
        0.419212281703949,
        0.41837748885154724,
        0.4191746115684509,
        0.41992801427841187,
        0.41993123292922974
    ],
    "acc": [
        0.8520735502243042,
        0.8898714184761047,
        0.900641679763794,
        0.9083962440490723,
        0.9210711121559143,
        0.9297099709510803,
        0.9383715391159058,
        0.9456272721290588,
        0.948076069355011,
        0.9510010480880737,
        0.9385887980461121,
        0.952112078666687,
        0.9522708058357239,
        0.9531324505805969,
        0.9534952044487,
        0.9544475674629211,
        0.9535179138183594,
        0.9534045457839966,
        0.9535179138183594,
        0.9547196626663208,
        0.9559893608093262,
        0.9555132389068604,
        0.956397533416748,
        0.9564881920814514,
        0.956352174282074,
        0.953790009021759,
        0.9562388062477112,
        0.9568736553192139,
        0.9553545117378235,
        0.9582794904708862
    ],
    "val_acc": [
        0.7869144082069397,
        0.7529546022415161,
        0.5667093992233276,
        0.8035027980804443,
        0.8499928712844849,
        0.8828848004341125,
        0.8934928178787231,
        0.9004698991775513,
        0.9033176898956299,
        0.9009682536125183,
        0.9004698991775513,
        0.9007546901702881,
        0.8999715447425842,
        0.9001139402389526,
        0.9005410671234131,
        0.9001851081848145,
        0.9004698991775513,
        0.9006834626197815,
        0.9004698991775513,
        0.9006122946739197,
        0.9006122946739197,
        0.9006834626197815,
        0.9010394215583801,
        0.9011818170547485,
        0.9016801714897156,
        0.9019649624824524,
        0.9015377759933472,
        0.9016090035438538,
        0.9016801714897156,
        0.9017513990402222
    ],
    "auc": [
        0.831095278263092,
        0.8649417757987976,
        0.8807563185691833,
        0.8944838047027588,
        0.9070574641227722,
        0.9161762595176697,
        0.9247593283653259,
        0.9294547438621521,
        0.9340908527374268,
        0.9354288578033447,
        0.9380512237548828,
        0.9328457117080688,
        0.9341785907745361,
        0.9340510368347168,
        0.9341898560523987,
        0.9339730143547058,
        0.9347143769264221,
        0.9344995617866516,
        0.9345314502716064,
        0.9343820810317993,
        0.9352949857711792,
        0.934368371963501,
        0.9348875284194946,
        0.9354259371757507,
        0.9357783794403076,
        0.935936450958252,
        0.9358687400817871,
        0.9362369775772095,
        0.9354943633079529,
        0.9350000023841858
    ],
    "val_auc": [
        0.9571252465248108,
        0.9624541401863098,
        0.9311386346817017,
        0.9799181818962097,
        0.9799131751060486,
        0.9844823479652405,
        0.9876546859741211,
        0.9858330488204956,
        0.9845138788223267,
        0.9857352375984192,
        0.986151397228241,
        0.9861817955970764,
        0.9862557649612427,
        0.986703634262085,
        0.9871810674667358,
        0.9869299530982971,
        0.9868704676628113,
        0.9860778450965881,
        0.98641037940979,
        0.9870007038116455,
        0.9875853657722473,
        0.9882193207740784,
        0.9882000684738159,
        0.9869418740272522,
        0.9871429800987244,
        0.987403392791748,
        0.9873752593994141,
        0.9868150353431702,
        0.9869362115859985,
        0.9870412349700928
    ],
    "top3": [
        0.9665782451629639,
        0.986146092414856,
        0.9907715916633606,
        0.9927215576171875,
        0.9946488738059998,
        0.9955558776855469,
        0.9975512027740479,
        0.99820876121521,
        0.9986168742179871,
        0.9987075924873352,
        0.9938949942588806,
        0.9987982511520386,
        0.998820960521698,
        0.9987528920173645,
        0.9989796876907349,
        0.9993651509284973,
        0.9989116191864014,
        0.9990023374557495,
        0.9989796876907349,
        0.999183714389801,
        0.9992064237594604,
        0.9989569783210754,
        0.999183714389801,
        0.9989569783210754,
        0.999138355255127,
        0.9990930557250977,
        0.9989796876907349,
        0.9988436102867126,
        0.9991157054901123,
        0.9991157054901123
    ],
    "val_top3": [
        0.9209027290344238,
        0.9176278114318848,
        0.905311107635498,
        0.9580663442611694,
        0.9466040134429932,
        0.9540794491767883,
        0.9745123386383057,
        0.9700270295143127,
        0.9736579656600952,
        0.9777872562408447,
        0.979211151599884,
        0.9801366925239563,
        0.9802790880203247,
        0.9815605878829956,
        0.9820589423179626,
        0.9815605878829956,
        0.9804214835166931,
        0.979424774646759,
        0.9792823791503906,
        0.9799231290817261,
        0.9807774424552917,
        0.981702983379364,
        0.9816317558288574,
        0.9802790880203247,
        0.9807062745094299,
        0.981702983379364,
        0.9810622334480286,
        0.9794959425926208,
        0.980991005897522,
        0.9803502559661865
    ]
}