{
    "loss": [
        0.6107231378555298,
        0.44623854756355286,
        0.420781672000885,
        0.3945712447166443,
        0.37868955731391907,
        0.36821261048316956,
        0.3548163175582886,
        0.34761348366737366,
        0.3432691991329193,
        0.3404890298843384,
        0.34803304076194763,
        0.3469942510128021,
        0.344755619764328,
        0.3437335789203644,
        0.3434796631336212,
        0.34393176436424255,
        0.34450235962867737
    ],
    "val_loss": [
        0.5484740138053894,
        0.5119484663009644,
        0.47894591093063354,
        0.4330390691757202,
        0.45836684107780457,
        0.4602290689945221,
        0.4312692880630493,
        0.44638004899024963,
        0.4489244818687439,
        0.4455653727054596,
        0.39947402477264404,
        0.4056619703769684,
        0.4071236550807953,
        0.41071343421936035,
        0.4100463390350342,
        0.4125972390174866,
        0.41105368733406067
    ],
    "acc": [
        0.8562455773353577,
        0.9012312293052673,
        0.9104822874069214,
        0.9245176315307617,
        0.9319547414779663,
        0.938303530216217,
        0.9481214284896851,
        0.9546515941619873,
        0.9583701491355896,
        0.9604335427284241,
        0.9403772950172424,
        0.9561934471130371,
        0.9575085639953613,
        0.9585288763046265,
        0.9593678712844849,
        0.9603428244590759,
        0.9595492482185364
    ],
    "val_acc": [
        0.8640894293785095,
        0.8697850108146667,
        0.8794674873352051,
        0.8986900448799133,
        0.8919976949691772,
        0.8934215903282166,
        0.9003986716270447,
        0.8974084854125977,
        0.8969813585281372,
        0.8966965675354004,
        0.9070197939872742,
        0.9062366485595703,
        0.9059518575668335,
        0.905311107635498,
        0.905524730682373,
        0.9050263166427612,
        0.9053823351860046
    ],
    "auc": [
        0.853341817855835,
        0.8965839147567749,
        0.9070671200752258,
        0.9183771014213562,
        0.9264454245567322,
        0.9329921007156372,
        0.940153956413269,
        0.944883406162262,
        0.9472604990005493,
        0.9488919377326965,
        0.9437201023101807,
        0.9442254304885864,
        0.9454537630081177,
        0.945203423500061,
        0.9456020593643188,
        0.9457550644874573,
        0.9457506537437439
    ],
    "val_auc": [
        0.985088586807251,
        0.9841968417167664,
        0.985185444355011,
        0.985511302947998,
        0.9835183024406433,
        0.9831582903862,
        0.9859152436256409,
        0.9849475026130676,
        0.9851939678192139,
        0.9859246611595154,
        0.988615870475769,
        0.9882168173789978,
        0.9875317215919495,
        0.9871049523353577,
        0.9869341850280762,
        0.9870412945747375,
        0.9871848821640015
    ],
    "top3": [
        0.9700927138328552,
        0.9929483532905579,
        0.9946035146713257,
        0.9965308308601379,
        0.9971657395362854,
        0.9981180429458618,
        0.9989343285560608,
        0.9993197917938232,
        0.9993197917938232,
        0.9995918869972229,
        0.9948408603668213,
        0.9995011687278748,
        0.9995011687278748,
        0.9995691776275635,
        0.9994104504585266,
        0.9995918869972229,
        0.9992064237594604
    ],
    "val_top3": [
        0.9292325377464294,
        0.9428306818008423,
        0.9539370536804199,
        0.9616261124610901,
        0.9542218446731567,
        0.9652569890022278,
        0.9724476933479309,
        0.973942756652832,
        0.9775024652481079,
        0.980991005897522,
        0.9817741513252258,
        0.9820589423179626,
        0.9810622334480286,
        0.9804926514625549,
        0.980991005897522,
        0.9814181923866272,
        0.9824861288070679
    ]
}