{
    "loss": [
        0.6563308835029602,
        0.5113199353218079,
        0.47831258177757263,
        0.4479551911354065,
        0.42755141854286194,
        0.4076792299747467,
        0.3947755694389343,
        0.385593056678772,
        0.37862956523895264,
        0.37574753165245056,
        0.40049096941947937,
        0.39862895011901855,
        0.3962338864803314,
        0.3947833180427551,
        0.3955814838409424,
        0.39484703540802,
        0.39401984214782715,
        0.3933141827583313,
        0.39407241344451904,
        0.3939036726951599,
        0.39137887954711914,
        0.392098605632782,
        0.3910864591598511,
        0.39043110609054565,
        0.3910786211490631,
        0.3912609815597534,
        0.3897363543510437
    ],
    "val_loss": [
        0.5175214409828186,
        0.45096826553344727,
        0.42011553049087524,
        0.40770524740219116,
        0.38160786032676697,
        0.38424959778785706,
        0.38855817914009094,
        0.38758400082588196,
        0.4014527499675751,
        0.3976588547229767,
        0.3961447775363922,
        0.3889789283275604,
        0.38531503081321716,
        0.38239020109176636,
        0.38026338815689087,
        0.38007739186286926,
        0.3807864487171173,
        0.3791075050830841,
        0.37893712520599365,
        0.3760010004043579,
        0.37561658024787903,
        0.3756658434867859,
        0.3761041760444641,
        0.3766438961029053,
        0.37679240107536316,
        0.3772489130496979,
        0.37737688422203064
    ],
    "acc": [
        0.8555880784988403,
        0.8991225361824036,
        0.9057887196540833,
        0.9146316647529602,
        0.9186449646949768,
        0.9244042634963989,
        0.9321134686470032,
        0.9365575909614563,
        0.939732015132904,
        0.9376232624053955,
        0.9205489158630371,
        0.9295739531517029,
        0.932022750377655,
        0.9318640232086182,
        0.9313198924064636,
        0.9326803088188171,
        0.933088481426239,
        0.9342221617698669,
        0.9324309229850769,
        0.9343581795692444,
        0.9337459802627563,
        0.9344262480735779,
        0.9351518154144287,
        0.9352651834487915,
        0.933405876159668,
        0.9333832263946533,
        0.9350384473800659
    ],
    "val_acc": [
        0.833902895450592,
        0.8430870175361633,
        0.8671507835388184,
        0.8780435919761658,
        0.8897907137870789,
        0.8922113180160522,
        0.8960558176040649,
        0.8974797129631042,
        0.8927096724510193,
        0.8937063813209534,
        0.8749110102653503,
        0.8797522187232971,
        0.8814609050750732,
        0.8833831548690796,
        0.8856614232063293,
        0.886017382144928,
        0.8857325911521912,
        0.8868005275726318,
        0.8867293000221252,
        0.8887939453125,
        0.8887939453125,
        0.8897194862365723,
        0.8896483182907104,
        0.8895770907402039,
        0.8895770907402039,
        0.889292299747467,
        0.8894346952438354
    ],
    "auc": [
        0.82548987865448,
        0.8602469563484192,
        0.8735427260398865,
        0.8839466571807861,
        0.8930604457855225,
        0.9001756906509399,
        0.9071563482284546,
        0.9099594354629517,
        0.9136092066764832,
        0.9149425625801086,
        0.9075089693069458,
        0.9019365310668945,
        0.9028321504592896,
        0.9026810526847839,
        0.904124915599823,
        0.9037012457847595,
        0.904607892036438,
        0.9048725962638855,
        0.9037757515907288,
        0.9040074348449707,
        0.9055242538452148,
        0.905059814453125,
        0.9051482677459717,
        0.9053732752799988,
        0.9061221480369568,
        0.9060211181640625,
        0.9053865671157837
    ],
    "val_auc": [
        0.9899967312812805,
        0.9912147521972656,
        0.9925662279129028,
        0.9927547574043274,
        0.9944679141044617,
        0.9939897656440735,
        0.9934361577033997,
        0.9938579201698303,
        0.9932019114494324,
        0.9934598207473755,
        0.9940800070762634,
        0.9941661953926086,
        0.9941601157188416,
        0.9941647052764893,
        0.9942516684532166,
        0.9942387938499451,
        0.9941814541816711,
        0.9942216873168945,
        0.9942358136177063,
        0.9944185614585876,
        0.9944131374359131,
        0.9943791031837463,
        0.9942857623100281,
        0.9942367672920227,
        0.9942517876625061,
        0.994176983833313,
        0.99421226978302
    ],
    "top3": [
        0.9632678031921387,
        0.9880733489990234,
        0.9905675053596497,
        0.99310702085495,
        0.9943767786026001,
        0.9964854717254639,
        0.9971203804016113,
        0.9975738525390625,
        0.9977779388427734,
        0.9981406927108765,
        0.9955459237098694,
        0.9971203804016113,
        0.9978005886077881,
        0.9972791075706482,
        0.9972110986709595,
        0.9978685975074768,
        0.9974831938743591,
        0.9975512027740479,
        0.9973471164703369,
        0.9976192116737366,
        0.9976872205734253,
        0.9975512027740479,
        0.9976872205734253,
        0.9976418614387512,
        0.9977099299430847,
        0.9975284934043884,
        0.9975738525390625
    ],
    "val_top3": [
        0.972946047782898,
        0.9816317558288574,
        0.9846219420433044,
        0.9875409603118896,
        0.9918838143348694,
        0.9914566278457642,
        0.9888224601745605,
        0.9896056056022644,
        0.988751232624054,
        0.9898191690444946,
        0.989961564540863,
        0.9906023144721985,
        0.9908871054649353,
        0.9912430644035339,
        0.9915278553962708,
        0.991741418838501,
        0.9915990233421326,
        0.991741418838501,
        0.991741418838501,
        0.991741418838501,
        0.9916702508926392,
        0.9918125867843628,
        0.9916702508926392,
        0.9915278553962708,
        0.9913854598999023,
        0.9913854598999023,
        0.9915278553962708
    ]
}