{
    "loss": [
        0.858284592628479,
        0.6448926329612732,
        0.5974270105361938,
        0.561613917350769,
        0.5257478952407837,
        0.5051653385162354,
        0.4810841381549835,
        0.46788012981414795,
        0.4572471082210541,
        0.45379316806793213,
        0.4655313193798065,
        0.4623301327228546,
        0.45918041467666626,
        0.45618540048599243,
        0.45562463998794556,
        0.45513036847114563,
        0.4531451165676117
    ],
    "val_loss": [
        0.8069473505020142,
        0.5222402215003967,
        0.48960429430007935,
        0.49198323488235474,
        0.4774247705936432,
        0.4603976905345917,
        0.45315104722976685,
        0.4614626169204712,
        0.4603610038757324,
        0.46111977100372314,
        0.4529688358306885,
        0.4587724804878235,
        0.4627634286880493,
        0.45849281549453735,
        0.4603041410446167,
        0.46411243081092834,
        0.459530770778656
    ],
    "acc": [
        0.7971339821815491,
        0.877740740776062,
        0.8920254707336426,
        0.8985556364059448,
        0.9095979928970337,
        0.91157066822052,
        0.9148810505867004,
        0.919143795967102,
        0.9196199774742126,
        0.9202321767807007,
        0.9043663740158081,
        0.9195292592048645,
        0.9202321767807007,
        0.9206856489181519,
        0.9200507998466492,
        0.9202548861503601,
        0.9210938215255737
    ],
    "val_acc": [
        0.701409637928009,
        0.8306991457939148,
        0.8534102439880371,
        0.8479282259941101,
        0.8519863486289978,
        0.8634486794471741,
        0.8600313067436218,
        0.8563292026519775,
        0.8560444116592407,
        0.856471598148346,
        0.8554748892784119,
        0.8534102439880371,
        0.8529118895530701,
        0.8570411801338196,
        0.8559732437133789,
        0.855190098285675,
        0.8564003705978394
    ],
    "auc": [
        0.7948617935180664,
        0.8208920955657959,
        0.8317782282829285,
        0.8415234088897705,
        0.8538393378257751,
        0.8615432381629944,
        0.869742214679718,
        0.8736480474472046,
        0.8776204586029053,
        0.8800508379936218,
        0.8845837712287903,
        0.8760603666305542,
        0.8776474595069885,
        0.8783265948295593,
        0.8796206116676331,
        0.8799229264259338,
        0.8812856674194336
    ],
    "val_auc": [
        0.9517449736595154,
        0.9865655303001404,
        0.9888603687286377,
        0.9884213209152222,
        0.9885829091072083,
        0.989754855632782,
        0.9901654124259949,
        0.9893718361854553,
        0.9890394806861877,
        0.988841712474823,
        0.989910900592804,
        0.9894173741340637,
        0.9888366460800171,
        0.9890263080596924,
        0.9888734221458435,
        0.9883334636688232,
        0.9887189269065857
    ],
    "top3": [
        0.9326576590538025,
        0.9747182726860046,
        0.9815658926963806,
        0.9844001531600952,
        0.9886855483055115,
        0.9900460243225098,
        0.9929256439208984,
        0.9935378432273865,
        0.9937645792961121,
        0.9944221377372742,
        0.9906446933746338,
        0.9941727519035339,
        0.9942634105682373,
        0.9950570464134216,
        0.9946715831756592,
        0.9947169423103333,
        0.9943994879722595
    ],
    "val_top3": [
        0.9412643909454346,
        0.9808486104011536,
        0.9821301698684692,
        0.9782856106758118,
        0.9799942970275879,
        0.980991005897522,
        0.9826285243034363,
        0.9816317558288574,
        0.9815605878829956,
        0.981702983379364,
        0.9819165468215942,
        0.9814181923866272,
        0.981702983379364,
        0.9818453788757324,
        0.9818453788757324,
        0.9814894199371338,
        0.9824149012565613
    ]
}