{
    "loss": [
        0.5874013900756836,
        0.4338752329349518,
        0.4048571288585663,
        0.3851722478866577,
        0.3654252290725708,
        0.3540574908256531,
        0.3433297574520111,
        0.3369203209877014,
        0.33248820900917053,
        0.330140084028244,
        0.3371034562587738,
        0.33564385771751404,
        0.3352653682231903,
        0.3336165249347687,
        0.33307886123657227,
        0.33302268385887146,
        0.33277592062950134
    ],
    "val_loss": [
        0.5513041615486145,
        0.5207086801528931,
        0.5195561647415161,
        0.48933112621307373,
        0.5019141435623169,
        0.49490851163864136,
        0.4723166525363922,
        0.5019702315330505,
        0.48474377393722534,
        0.4737738072872162,
        0.4406760036945343,
        0.45192843675613403,
        0.4582059681415558,
        0.45416030287742615,
        0.453883558511734,
        0.4574202001094818,
        0.4651148319244385
    ],
    "acc": [
        0.866494357585907,
        0.9042922258377075,
        0.9130444526672363,
        0.9222275018692017,
        0.9308210611343384,
        0.9401854872703552,
        0.9499353766441345,
        0.9562388062477112,
        0.9607509970664978,
        0.9628823399543762,
        0.9404633045196533,
        0.9594585299491882,
        0.9608643651008606,
        0.9614312052726746,
        0.9619980454444885,
        0.9627689719200134,
        0.962995707988739
    ],
    "val_acc": [
        0.8676491379737854,
        0.8745550513267517,
        0.8756941556930542,
        0.8796810507774353,
        0.8744838237762451,
        0.8795386552810669,
        0.8862309455871582,
        0.8773316144943237,
        0.8840951323509216,
        0.8874412775039673,
        0.8929944634437561,
        0.8909298181533813,
        0.8905737996101379,
        0.8906450271606445,
        0.8901466727256775,
        0.8901466727256775,
        0.8870853185653687
    ],
    "auc": [
        0.8573666214942932,
        0.9042977094650269,
        0.9173964262008667,
        0.9263659715652466,
        0.9352418184280396,
        0.9414687156677246,
        0.9483408331871033,
        0.9509632587432861,
        0.954218327999115,
        0.9557177424430847,
        0.9494513273239136,
        0.9511117935180664,
        0.9512119293212891,
        0.951825737953186,
        0.9521088004112244,
        0.9528484344482422,
        0.9524995684623718
    ],
    "val_auc": [
        0.9879783391952515,
        0.9836416244506836,
        0.9778034090995789,
        0.9798533916473389,
        0.982755720615387,
        0.9839062690734863,
        0.9842919111251831,
        0.9799935817718506,
        0.9820253849029541,
        0.9841122031211853,
        0.9873642921447754,
        0.9860691428184509,
        0.9853173494338989,
        0.9862640500068665,
        0.986634373664856,
        0.986073911190033,
        0.985962986946106
    ],
    "top3": [
        0.9748089909553528,
        0.9944221377372742,
        0.9958506226539612,
        0.9974831938743591,
        0.9981180429458618,
        0.9989796876907349,
        0.9996371865272522,
        0.9997052550315857,
        0.9996825456619263,
        0.9998186230659485,
        0.9933618903160095,
        0.9995691776275635,
        0.9996825456619263,
        0.9998412728309631,
        0.9997279047966003,
        0.999750554561615,
        0.999750554561615
    ],
    "val_top3": [
        0.9402676820755005,
        0.9431867003440857,
        0.9492382407188416,
        0.9548625946044922,
        0.9630500078201294,
        0.9607005715370178,
        0.9671080708503723,
        0.9636195302009583,
        0.9686031341552734,
        0.9735155701637268,
        0.9725188612937927,
        0.9715933203697205,
        0.9701694250106812,
        0.972732424736023,
        0.9745835065841675,
        0.9733731746673584,
        0.973444402217865
    ]
}