{
    "loss": [
        0.5831239223480225,
        0.460031121969223,
        0.4266766905784607,
        0.4038362503051758,
        0.3863442838191986,
        0.36798906326293945,
        0.35516729950904846,
        0.34717434644699097,
        0.34320539236068726,
        0.34145691990852356,
        0.34179356694221497,
        0.34255337715148926,
        0.34195634722709656,
        0.34079790115356445,
        0.34066399931907654,
        0.3412031829357147,
        0.3400958478450775
    ],
    "val_loss": [
        0.4670129716396332,
        0.4597352147102356,
        0.44278866052627563,
        0.410880446434021,
        0.38757821917533875,
        0.3743141293525696,
        0.38413265347480774,
        0.3611726760864258,
        0.37607261538505554,
        0.38674741983413696,
        0.35283777117729187,
        0.3587612509727478,
        0.3638157546520233,
        0.3647911548614502,
        0.3635789155960083,
        0.36410534381866455,
        0.3645595610141754
    ],
    "acc": [
        0.8652926087379456,
        0.9003015756607056,
        0.9093712568283081,
        0.9180554747581482,
        0.9268530607223511,
        0.9341768026351929,
        0.9419087171554565,
        0.9485068917274475,
        0.9527016282081604,
        0.9556492567062378,
        0.9429396986961365,
        0.953790009021759,
        0.9540621042251587,
        0.9555812478065491,
        0.952316164970398,
        0.9546969532966614,
        0.9558079838752747
    ],
    "val_acc": [
        0.844439685344696,
        0.8721343874931335,
        0.8877260684967041,
        0.8910722136497498,
        0.9018937945365906,
        0.9098675847053528,
        0.9087284803390503,
        0.9188380837440491,
        0.9164174795150757,
        0.9145663976669312,
        0.9215434789657593,
        0.9209739565849304,
        0.9189804792404175,
        0.918553352355957,
        0.9195500612258911,
        0.9199771881103516,
        0.9201908111572266
    ],
    "auc": [
        0.8573794960975647,
        0.8913561105728149,
        0.9028322696685791,
        0.9123066663742065,
        0.9207297563552856,
        0.9285093545913696,
        0.9353598952293396,
        0.9395954012870789,
        0.9419048428535461,
        0.9429298639297485,
        0.9381176829338074,
        0.9383847117424011,
        0.9394159317016602,
        0.9392915368080139,
        0.9406076669692993,
        0.9403857588768005,
        0.9409964680671692
    ],
    "val_auc": [
        0.9916013479232788,
        0.989009439945221,
        0.9904392957687378,
        0.9939528107643127,
        0.9956371188163757,
        0.9958709478378296,
        0.9954309463500977,
        0.9960561990737915,
        0.9951608180999756,
        0.9946110844612122,
        0.9953486919403076,
        0.9953694343566895,
        0.9952716827392578,
        0.9951237440109253,
        0.9952297210693359,
        0.9950770735740662,
        0.9951550364494324
    ],
    "top3": [
        0.9758973121643066,
        0.9909983277320862,
        0.9945582151412964,
        0.9960547089576721,
        0.9968936443328857,
        0.998367428779602,
        0.9989569783210754,
        0.9994785189628601,
        0.9993197917938232,
        0.9992970824241638,
        0.9953911304473877,
        0.9995918869972229,
        0.9994785189628601,
        0.9994785189628601,
        0.9996145367622375,
        0.9995238184928894,
        0.9998186230659485
    ],
    "val_top3": [
        0.9641891121864319,
        0.949878990650177,
        0.9562153220176697,
        0.9691727161407471,
        0.9749394655227661,
        0.982201337814331,
        0.9828420877456665,
        0.9856187105178833,
        0.9836252331733704,
        0.9820589423179626,
        0.9856898784637451,
        0.9851915240287781,
        0.9841235876083374,
        0.9845507740974426,
        0.9848355650901794,
        0.984479546546936,
        0.9848355650901794
    ]
}